{
  "0": {
    "general_priority": 1.1469363474122547,
    "night_priority": 1.6561570493753712,
    "long_shift_priority": 0.04759071980963714
  },
  "1": {
    "general_priority": 1.2659131469363474,
    "night_priority": 0.8494943486020219,
    "long_shift_priority": 0.44259369422962536
  },
  "2": {
    "general_priority": 1.665675193337299,
    "night_priority": 1.2468768590124935,
    "long_shift_priority": 0.5330160618679359
  },
  "3": {
    "general_priority": 2.2272456870910182,
    "night_priority": 1.6704342653182631,
    "long_shift_priority": 0.6995835812016655
  },
  "4": {
    "general_priority": 2.6722189173111235,
    "night_priority": 2.027364663890542,
    "long_shift_priority": 0.7662105889351581
  },
  "5": {
    "general_priority": 3.2611540749553813,
    "night_priority": 2.446162998215348,
    "long_shift_priority": 0.7995240928019038
  },
  "6": {
    "general_priority": 3.6740035693039834,
    "night_priority": 2.8173706127305196,
    "long_shift_priority": 0.7995240928019038
  },
  "7": {
    "general_priority": 4.121356335514572,
    "night_priority": 3.188578227245687,
    "long_shift_priority": 0.8328375966686495
  },
  "8": {
    "general_priority": 4.635336109458653,
    "night_priority": 3.5883402736466397,
    "long_shift_priority": 0.8994646044021415
  },
  "9": {
    "general_priority": 5.72159428911362,
    "night_priority": 4.226055919095777,
    "long_shift_priority": 0.9994051160023796
  },
  "10": {
    "general_priority": 6.060678167757291,
    "night_priority": 4.52111838191553,
    "long_shift_priority": 1.0660321237358719
  },
  "11": {
    "general_priority": 6.443783462224869,
    "night_priority": 4.863771564544915,
    "long_shift_priority": 1.0660321237358719
  },
  "12": {
    "general_priority": 6.929208804283161,
    "night_priority": 5.254015466983939,
    "long_shift_priority": 1.0660321237358719
  },
  "13": {
    "general_priority": 7.367043426531829,
    "night_priority": 5.615704937537182,
    "long_shift_priority": 1.0660321237358719
  },
  "14": {
    "general_priority": 7.823914336704342,
    "night_priority": 5.996430696014272,
    "long_shift_priority": 1.0660321237358719
  },
  "15": {
    "general_priority": 8.29030339083879,
    "night_priority": 6.36763831052945,
    "long_shift_priority": 1.0410469958358122
  },
  "16": {
    "general_priority": 8.737656157049377,
    "night_priority": 6.738845925044618,
    "long_shift_priority": 1.070791195716835
  },
  "17": {
    "general_priority": 9.22308149910768,
    "night_priority": 7.129089827483646,
    "long_shift_priority": 1.0208209399167165
  },
  "18": {
    "general_priority": 9.660916121356331,
    "night_priority": 7.49077929803688,
    "long_shift_priority": 1.0208209399167165
  },
  "19": {
    "general_priority": 10.108268887566918,
    "night_priority": 7.861986912552051,
    "long_shift_priority": 1.0208209399167165
  },
  "20": {
    "general_priority": 10.584176085663287,
    "night_priority": 8.242712671029146,
    "long_shift_priority": 1.0469958358120168
  },
  "21": {
    "general_priority": 11.031528851873894,
    "night_priority": 8.613920285544317,
    "long_shift_priority": 1.0731707317073171
  },
  "22": {
    "general_priority": 11.488399762046393,
    "night_priority": 8.994646044021412,
    "long_shift_priority": 1.0731707317073171
  },
  "23": {
    "general_priority": 11.907198096371198,
    "night_priority": 9.337299226650805,
    "long_shift_priority": 1.0600832837596665
  },
  "24": {
    "general_priority": 12.383105294467569,
    "night_priority": 9.718024985127894,
    "long_shift_priority": 1.046995835812016
  },
  "25": {
    "general_priority": 12.820939916716242,
    "night_priority": 10.079714455681138,
    "long_shift_priority": 1.1183819155264718
  },
  "26": {
    "general_priority": 13.306365258774541,
    "night_priority": 10.469958358120161,
    "long_shift_priority": 1.1540749553837009
  },
  "27": {
    "general_priority": 13.744199881023198,
    "night_priority": 10.831647828673406,
    "long_shift_priority": 1.1766805472932782
  },
  "28": {
    "general_priority": 14.191552647233785,
    "night_priority": 11.20285544318858,
    "long_shift_priority": 1.1766805472932782
  },
  "29": {
    "general_priority": 14.676977989292096,
    "night_priority": 11.593099345627607,
    "long_shift_priority": 1.1635930993456276
  },
  "30": {
    "general_priority": 15.114812611540739,
    "night_priority": 11.95478881618085,
    "long_shift_priority": 1.1635930993456276
  },
  "31": {
    "general_priority": 15.571683521713267,
    "night_priority": 12.335514574657939,
    "long_shift_priority": 1.199286139202855
  },
  "32": {
    "general_priority": 16.038072575847707,
    "night_priority": 12.706722189173117,
    "long_shift_priority": 1.199286139202855
  },
  "33": {
    "general_priority": 16.485425342058292,
    "night_priority": 13.077929803688274,
    "long_shift_priority": 1.2349791790600826
  },
  "34": {
    "general_priority": 16.970850684116606,
    "night_priority": 13.468173706127297,
    "long_shift_priority": 1.2706722189173103
  },
  "35": {
    "general_priority": 17.38964901844141,
    "night_priority": 13.810826888756687,
    "long_shift_priority": 1.2575847709696595
  },
  "36": {
    "general_priority": 17.837001784651996,
    "night_priority": 14.182034503271872,
    "long_shift_priority": 1.2575847709696595
  },
  "37": {
    "general_priority": 18.274836406900665,
    "night_priority": 14.543723973825115,
    "long_shift_priority": 1.2444973230220115
  },
  "38": {
    "general_priority": 18.760261748958953,
    "night_priority": 14.93396787626414,
    "long_shift_priority": 1.2444973230220115
  },
  "39": {
    "general_priority": 19.198096371207622,
    "night_priority": 15.295657346817368,
    "long_shift_priority": 1.2444973230220115
  },
  "40": {
    "general_priority": 19.654967281380127,
    "night_priority": 15.676383105294466,
    "long_shift_priority": 1.3158834027364668
  },
  "41": {
    "general_priority": 20.130874479476493,
    "night_priority": 16.057108863771564,
    "long_shift_priority": 1.3515764425936945
  },
  "42": {
    "general_priority": 20.56870910172517,
    "night_priority": 16.418798334324805,
    "long_shift_priority": 1.4229625223081492
  },
  "43": {
    "general_priority": 21.05413444378345,
    "night_priority": 16.80904223676383,
    "long_shift_priority": 1.458655562165377
  },
  "44": {
    "general_priority": 21.491969066032123,
    "night_priority": 17.170731707317074,
    "long_shift_priority": 1.458655562165377
  },
  "45": {
    "general_priority": 21.939321832242708,
    "night_priority": 17.54193932183224,
    "long_shift_priority": 1.4943486020226044
  },
  "46": {
    "general_priority": 22.42474717430099,
    "night_priority": 17.93218322427126,
    "long_shift_priority": 1.4943486020226044
  },
  "47": {
    "general_priority": 22.85306365258775,
    "night_priority": 18.284354550862584,
    "long_shift_priority": 1.5300416418798346
  }
}