{
  "0": {
    "general_priority": 1.1292517006802723,
    "night_priority": 1.6734693877551012,
    "long_shift_priority": 0.0
  },
  "1": {
    "general_priority": 0.8435374149659861,
    "night_priority": 0.6530612244897956,
    "long_shift_priority": 0.0
  },
  "2": {
    "general_priority": 0.6190476190476191,
    "night_priority": 0.48979591836734704,
    "long_shift_priority": 0.09070294784580495
  },
  "3": {
    "general_priority": 0.8979591836734693,
    "night_priority": 0.6122448979591836,
    "long_shift_priority": 0.09070294784580495
  },
  "4": {
    "general_priority": 0.8979591836734693,
    "night_priority": 0.2448979591836731,
    "long_shift_priority": 0.09070294784580495
  },
  "5": {
    "general_priority": 0.8843537414965982,
    "night_priority": 0.612244897959184,
    "long_shift_priority": 0.09070294784580495
  },
  "6": {
    "general_priority": 0.8299319727891158,
    "night_priority": 0.48979591836734687,
    "long_shift_priority": 0.09070294784580495
  },
  "7": {
    "general_priority": 0.4421768707482994,
    "night_priority": 0.40816326530612285,
    "long_shift_priority": 0.09070294784580495
  },
  "8": {
    "general_priority": 0.530612244897959,
    "night_priority": 0.816326530612245,
    "long_shift_priority": 0.13265306122448975
  },
  "9": {
    "general_priority": 2.564625850340137,
    "night_priority": 1.6734693877551015,
    "long_shift_priority": 0.13265306122448975
  },
  "10": {
    "general_priority": 1.6122448979591835,
    "night_priority": 0.40816326530612285,
    "long_shift_priority": 0.13265306122448975
  },
  "11": {
    "general_priority": 1.4829931972789117,
    "night_priority": 0.0,
    "long_shift_priority": 0.13265306122448975
  },
  "12": {
    "general_priority": 1.2857142857142858,
    "night_priority": 0.40816326530612285,
    "long_shift_priority": 0.13265306122448975
  },
  "13": {
    "general_priority": 0.7074829931972788,
    "night_priority": 0.48979591836734704,
    "long_shift_priority": 0.13265306122448975
  },
  "14": {
    "general_priority": 1.115646258503401,
    "night_priority": 0.5714285714285714,
    "long_shift_priority": 0.13265306122448975
  },
  "15": {
    "general_priority": 0.789115646258503,
    "night_priority": 0.4897959183673467,
    "long_shift_priority": 0.13265306122448975
  },
  "16": {
    "general_priority": 0.6258503401360545,
    "night_priority": 0.4081632653061227,
    "long_shift_priority": 0.20975056689342383
  },
  "17": {
    "general_priority": 0.6530612244897958,
    "night_priority": 0.8571428571428571,
    "long_shift_priority": 0.20975056689342383
  },
  "18": {
    "general_priority": 0.42857142857142855,
    "night_priority": 0.4897959183673467,
    "long_shift_priority": 0.2448979591836734
  },
  "19": {
    "general_priority": 0.836734693877551,
    "night_priority": 0.0,
    "long_shift_priority": 0.27777777777777757
  },
  "20": {
    "general_priority": 1.0272108843537413,
    "night_priority": 0.6530612244897958,
    "long_shift_priority": 0.3083900226757367
  },
  "21": {
    "general_priority": 0.748299319727891,
    "night_priority": 0.48979591836734704,
    "long_shift_priority": 0.3083900226757367
  },
  "22": {
    "general_priority": 1.1632653061224487,
    "night_priority": 0.5714285714285714,
    "long_shift_priority": 0.3083900226757367
  },
  "23": {
    "general_priority": 1.3537414965986403,
    "night_priority": 0.4081632653061227,
    "long_shift_priority": 0.33673469387755073
  },
  "24": {
    "general_priority": 0.6258503401360542,
    "night_priority": 0.6122448979591837,
    "long_shift_priority": 0.33673469387755073
  },
  "25": {
    "general_priority": 0.7619047619047618,
    "night_priority": 0.48979591836734704,
    "long_shift_priority": 0.33673469387755073
  },
  "26": {
    "general_priority": 0.7551020408163269,
    "night_priority": 0.8163265306122449,
    "long_shift_priority": 0.3628117913832196
  },
  "27": {
    "general_priority": 0.9659863945578232,
    "night_priority": 0.2448979591836731,
    "long_shift_priority": 0.3628117913832196
  },
  "28": {
    "general_priority": 0.8095238095238095,
    "night_priority": 0.4081632653061227,
    "long_shift_priority": 0.38662131519274406
  },
  "29": {
    "general_priority": 1.0340136054421767,
    "night_priority": 0.2857142857142857,
    "long_shift_priority": 0.38662131519274406
  },
  "30": {
    "general_priority": 1.1836734693877553,
    "night_priority": 0.2448979591836731,
    "long_shift_priority": 0.38662131519274406
  },
  "31": {
    "general_priority": 1.3809523809523816,
    "night_priority": 0.40816326530612285,
    "long_shift_priority": 0.40816326530612246
  },
  "32": {
    "general_priority": 0.7142857142857143,
    "night_priority": 0.6530612244897958,
    "long_shift_priority": 0.40816326530612246
  },
  "33": {
    "general_priority": 0.8435374149659858,
    "night_priority": 0.48979591836734687,
    "long_shift_priority": 0.4444444444444443
  },
  "34": {
    "general_priority": 0.8639455782312927,
    "night_priority": 0.8163265306122449,
    "long_shift_priority": 0.4444444444444443
  },
  "35": {
    "general_priority": 1.5714285714285714,
    "night_priority": 0.48979591836734704,
    "long_shift_priority": 0.4591836734693878
  },
  "36": {
    "general_priority": 1.3537414965986392,
    "night_priority": 0.40816326530612285,
    "long_shift_priority": 0.4591836734693878
  },
  "37": {
    "general_priority": 1.0680272108843538,
    "night_priority": 0.48979591836734704,
    "long_shift_priority": 0.4716553287981858
  },
  "38": {
    "general_priority": 1.047619047619047,
    "night_priority": 0.6122448979591837,
    "long_shift_priority": 0.4818594104308391
  },
  "39": {
    "general_priority": 1.4285714285714284,
    "night_priority": 0.2448979591836731,
    "long_shift_priority": 0.4818594104308391
  },
  "40": {
    "general_priority": 1.0,
    "night_priority": 0.8163265306122446,
    "long_shift_priority": 0.4818594104308391
  },
  "41": {
    "general_priority": 1.45578231292517,
    "night_priority": 0.2857142857142857,
    "long_shift_priority": 0.4897959183673467
  },
  "42": {
    "general_priority": 1.5714285714285714,
    "night_priority": 0.2448979591836731,
    "long_shift_priority": 0.4897959183673467
  },
  "43": {
    "general_priority": 2.0952380952380953,
    "night_priority": 0.48979591836734704,
    "long_shift_priority": 0.4897959183673467
  },
  "44": {
    "general_priority": 1.8095238095238084,
    "night_priority": 0.48979591836734704,
    "long_shift_priority": 0.4897959183673467
  },
  "45": {
    "general_priority": 1.503401360544218,
    "night_priority": 0.48979591836734687,
    "long_shift_priority": 0.4897959183673467
  },
  "46": {
    "general_priority": 1.6258503401360531,
    "night_priority": 0.6122448979591837,
    "long_shift_priority": 0.5
  },
  "47": {
    "general_priority": 1.619047619047619,
    "night_priority": 0.4897959183673467,
    "long_shift_priority": 0.49886621315192753
  }
}