{
  "0": {
    "general_priority": 0.024390243902438158,
    "night_priority": 0.12195121951219434,
    "long_shift_priority": 0.024390243902439025
  },
  "1": {
    "general_priority": 0.4146341463414629,
    "night_priority": 0.04878048780487809,
    "long_shift_priority": 0.2926829268292683
  },
  "2": {
    "general_priority": 0.21951219512195053,
    "night_priority": 0.34146341463414664,
    "long_shift_priority": 0.3902439024390244
  },
  "3": {
    "general_priority": 0.09756097560975618,
    "night_priority": 0.07317073170731625,
    "long_shift_priority": 0.4878048780487805
  },
  "4": {
    "general_priority": 0.34146341463414487,
    "night_priority": 1.3414634146341466,
    "long_shift_priority": 0.4390243902439024
  },
  "5": {
    "general_priority": 0.3658536585365866,
    "night_priority": 0.21951219512195053,
    "long_shift_priority": 0.41463414634146345
  },
  "6": {
    "general_priority": 1.9756097560975618,
    "night_priority": 1.6341463414634152,
    "long_shift_priority": 0.41463414634146345
  },
  "7": {
    "general_priority": 2.7317073170731696,
    "night_priority": 2.048780487804878,
    "long_shift_priority": 0.3902439024390244
  },
  "8": {
    "general_priority": 2.5365853658536572,
    "night_priority": 1.3414634146341466,
    "long_shift_priority": 0.3414634146341463
  },
  "9": {
    "general_priority": 0.48780487804877737,
    "night_priority": 0.39024390243902474,
    "long_shift_priority": 0.2682926829268293
  },
  "10": {
    "general_priority": 0.2682926829268304,
    "night_priority": 3.024390243902438,
    "long_shift_priority": 0.2195121951219512
  },
  "11": {
    "general_priority": 0.1463414634146325,
    "night_priority": 3.560975609756097,
    "long_shift_priority": 0.2195121951219512
  },
  "12": {
    "general_priority": 3.073170731707318,
    "night_priority": 3.560975609756097,
    "long_shift_priority": 0.2195121951219512
  },
  "13": {
    "general_priority": 4.536585365853657,
    "night_priority": 3.6829268292682933,
    "long_shift_priority": 0.2195121951219512
  },
  "14": {
    "general_priority": 3.585365853658537,
    "night_priority": 3.3902439024390247,
    "long_shift_priority": 0.2195121951219512
  },
  "15": {
    "general_priority": 4.926829268292682,
    "night_priority": 3.8048780487804876,
    "long_shift_priority": 0.14634146341463417
  },
  "16": {
    "general_priority": 5.682926829268293,
    "night_priority": 4.2195121951219505,
    "long_shift_priority": 0.12195121951219512
  },
  "17": {
    "general_priority": 3.6097560975609753,
    "night_priority": 4.2195121951219505,
    "long_shift_priority": 0.04878048780487809
  },
  "18": {
    "general_priority": 5.073170731707318,
    "night_priority": 4.341463414634145,
    "long_shift_priority": 0.04878048780487809
  },
  "19": {
    "general_priority": 4.829268292682926,
    "night_priority": 5.756097560975611,
    "long_shift_priority": 0.04878048780487809
  },
  "20": {
    "general_priority": 5.463414634146343,
    "night_priority": 5.463414634146343,
    "long_shift_priority": 0.024390243902439046
  },
  "21": {
    "general_priority": 6.2195121951219505,
    "night_priority": 5.878048780487806,
    "long_shift_priority": 0.0
  },
  "22": {
    "general_priority": 6.26829268292683,
    "night_priority": 5.585365853658537,
    "long_shift_priority": 0.0
  },
  "23": {
    "general_priority": 6.1463414634146325,
    "night_priority": 6.121951219512194,
    "long_shift_priority": 0.024390243902439046
  },
  "24": {
    "general_priority": 7.7804878048780495,
    "night_priority": 5.829268292682926,
    "long_shift_priority": 0.04878048780487809
  },
  "25": {
    "general_priority": 7.243902439024389,
    "night_priority": 6.951219512195124,
    "long_shift_priority": 0.09756097560975618
  },
  "26": {
    "general_priority": 8.170731707317074,
    "night_priority": 6.951219512195124,
    "long_shift_priority": 0.12195121951219523
  },
  "27": {
    "general_priority": 8.634146341463413,
    "night_priority": 7.073170731707318,
    "long_shift_priority": 0.1707317073170731
  },
  "28": {
    "general_priority": 8.390243902439025,
    "night_priority": 7.487804878048781,
    "long_shift_priority": 0.1707317073170731
  },
  "29": {
    "general_priority": 8.317073170731707,
    "night_priority": 7.487804878048781,
    "long_shift_priority": 0.19512195121951215
  },
  "30": {
    "general_priority": 7.7804878048780495,
    "night_priority": 8.609756097560975,
    "long_shift_priority": 0.19512195121951215
  },
  "31": {
    "general_priority": 7.829268292682926,
    "night_priority": 8.317073170731707,
    "long_shift_priority": 0.2195121951219512
  },
  "32": {
    "general_priority": 10.170731707317074,
    "night_priority": 8.73170731707317,
    "long_shift_priority": 0.2195121951219512
  },
  "33": {
    "general_priority": 8.926829268292682,
    "night_priority": 9.146341463414632,
    "long_shift_priority": 0.24390243902439024
  },
  "34": {
    "general_priority": 10.853658536585368,
    "night_priority": 9.146341463414632,
    "long_shift_priority": 0.2682926829268293
  },
  "35": {
    "general_priority": 9.73170731707317,
    "night_priority": 9.682926829268293,
    "long_shift_priority": 0.29268292682926833
  },
  "36": {
    "general_priority": 10.487804878048781,
    "night_priority": 10.097560975609756,
    "long_shift_priority": 0.29268292682926833
  },
  "37": {
    "general_priority": 11.951219512195124,
    "night_priority": 10.21951219512195,
    "long_shift_priority": 0.3170731707317074
  },
  "38": {
    "general_priority": 10.878048780487806,
    "night_priority": 10.21951219512195,
    "long_shift_priority": 0.3170731707317074
  },
  "39": {
    "general_priority": 11.341463414634145,
    "night_priority": 10.341463414634145,
    "long_shift_priority": 0.3170731707317074
  },
  "40": {
    "general_priority": 13.390243902439025,
    "night_priority": 10.048780487804876,
    "long_shift_priority": 0.36585365853658547
  },
  "41": {
    "general_priority": 13.024390243902438,
    "night_priority": 10.756097560975611,
    "long_shift_priority": 0.3902439024390243
  },
  "42": {
    "general_priority": 13.487804878048781,
    "night_priority": 11.878048780487806,
    "long_shift_priority": 0.4390243902439024
  },
  "43": {
    "general_priority": 12.414634146341463,
    "night_priority": 11.878048780487806,
    "long_shift_priority": 0.46341463414634143
  },
  "44": {
    "general_priority": 12.878048780487806,
    "night_priority": 12.0,
    "long_shift_priority": 0.46341463414634143
  },
  "45": {
    "general_priority": 13.634146341463413,
    "night_priority": 12.414634146341463,
    "long_shift_priority": 0.4878048780487805
  },
  "46": {
    "general_priority": 13.560975609756099,
    "night_priority": 12.414634146341463,
    "long_shift_priority": 0.4878048780487805
  },
  "47": {
    "general_priority": 14.73170731707317,
    "night_priority": 12.243902439024389,
    "long_shift_priority": 0.4878048780487805
  }
}