{
  "media_asseganzioni": {
    "giornaliero": 417.42857142857144,
    "pomeridiano": 417.42857142857144,
    "notturno": 417.42857142857144,
    "domeniche": 179.14285714285714,
    "lunga": 49.92857142857143,
    "general_priority": 14.0,
    "night_priority": 11.857142857142858,
    "long_shift_priority": 0.5
  },
  "max_assegnazioni": {
    "giornaliero": 755.0,
    "pomeridiano": 650.0,
    "notturno": 420.0,
    "domeniche": 185.0,
    "lunga": 105.0,
    "general_priority": 16.0,
    "night_priority": 13.0,
    "long_shift_priority": 1.0
  },
  "min_assegnazioni": {
    "giornaliero": 123.0,
    "pomeridiano": 142.0,
    "notturno": 413.0,
    "domeniche": 166.0,
    "lunga": 10.0,
    "general_priority": 12.0,
    "night_priority": 11.0,
    "long_shift_priority": 0.0
  },
  "discostamento_medio_media_asseganzioni": {
    "giornaliero": 230.20408163265307,
    "pomeridiano": 172.71428571428572,
    "notturno": 1.7142857142857142,
    "domeniche": 4.244897959183675,
    "lunga": 25.357142857142858,
    "general_priority": 1.1428571428571428,
    "night_priority": 0.4897959183673467,
    "long_shift_priority": 0.5
  },
  "discostamento_max_media_asseganzioni": {
    "giornaliero": 337.57142857142856,
    "pomeridiano": 275.42857142857144,
    "notturno": 4.428571428571445,
    "domeniche": 13.142857142857139,
    "lunga": 55.07142857142857,
    "general_priority": 2.0,
    "night_priority": 1.1428571428571423,
    "long_shift_priority": 0.5
  },
  "discostamento_min_media_asseganzioni": {
    "giornaliero": 109.42857142857144,
    "pomeridiano": 49.428571428571445,
    "notturno": 0.4285714285714448,
    "domeniche": 0.8571428571428612,
    "lunga": 0.0714285714285694,
    "general_priority": 0.0,
    "night_priority": 0.14285714285714235,
    "long_shift_priority": 0.5
  }
}