{
  "media_asseganzioni": {
    "giornaliero": 76.0,
    "pomeridiano": 110.94117647058823,
    "notturno": 84.6470588235294,
    "domeniche": 39.205882352941174,
    "lunga": 14.794117647058824
  },
  "max_assegnazioni": {
    "giornaliero": 103.0,
    "pomeridiano": 175.0,
    "notturno": 119.0,
    "domeniche": 57.0,
    "lunga": 33.0
  },
  "min_assegnazioni": {
    "giornaliero": 51.0,
    "pomeridiano": 80.0,
    "notturno": 59.0,
    "domeniche": 25.0,
    "lunga": 8.0
  },
  "discostamento_medio_media_asseganzioni": {
    "giornaliero": 10.294117647058824,
    "pomeridiano": 23.858131487889267,
    "notturno": 12.757785467128024,
    "domeniche": 6.60726643598616,
    "lunga": 5.42733564013841
  },
  "discostamento_max_media_asseganzioni": {
    "giornaliero": 27.0,
    "pomeridiano": 64.05882352941177,
    "notturno": 34.352941176470594,
    "domeniche": 17.794117647058826,
    "lunga": 18.205882352941174
  },
  "discostamento_min_media_asseganzioni": {
    "giornaliero": 2.0,
    "pomeridiano": 1.058823529411768,
    "notturno": 0.6470588235294059,
    "domeniche": 0.20588235294117396,
    "lunga": 0.7941176470588243
  }
}